organization.organizationIdentifier,orgType,location.locationIdentifier,name,division,sourceLink
LightTree,OPERATIONS,LT-1,LightTree,,http://lighttree.com
FAA,CUSTOMER,FAA - Washington,Federal Aviation Administration (FAA),,http://lighttree.com/FAA
COLA,CUSTOMER,COLA - Los Alamos,City of Los Alamos,,http://lighttree.com/COLA
QPWD,CUSTOMER,QPWD - Ville de Québec,Quebec Public Works Department,,http://lighttree.com/QPWD
MAHD,CUSTOMER,MAHD - Boston,Massachusetts Highway Department (Mass Highway),,http://lighttree.com/MAHD
KYTC,CUSTOMER,KYTC - Lexington,Kentucky Transportation Cabinet (KYTC),,http://lighttree.com/KYTC
NYDOT,CUSTOMER,NYDOT - New Rochelle,New York Department of Transportation,,http://lighttree.com/NYDOT
CALTRAN,CUSTOMER,CALTRAN - San Diego,California Department of Transportation (Caltrans),,http://lighttree.com/CALTRAN
AHTD,CUSTOMER,AHTD - Bentonville,Arkansas State Highway and Transportation Dept (AHTD),,http://lighttree.com/AHTD
Alumi-lux,SUPPLIER,Alumi-lux - Nashua,Alumi-lux Metal Products,,http://lighttree.com/Alumi-lux
Amos,SUPPLIER,Amos - Philadelphia,Amos Wire Products Inc,,http://lighttree.com/Amos
Autonomic,SUPPLIER,Autonomic - Morgantown,Autonomic Specialties,,http://lighttree.com/Autonomic
Benchmark,SUPPLIER,Benchmark - Wheaton,Benchmark Lighting,,http://lighttree.com/Benchmark
Brewers,SUPPLIER,Brewers - Phoenix,Brewers Manufacturing,,http://lighttree.com/Brewers
Core,SUPPLIER,Core - Saranac Lake,Core Components of North America,,http://lighttree.com/Core
Corporal,SUPPLIER,Corporal - Tulsa,Corporal Brass,,http://lighttree.com/Corporal
EM,SUPPLIER,EM - Hemphill,Engineered Materials,,http://lighttree.com/EM
Exclusive,SUPPLIER,Exclusive - Billings,Exclusive Plastics,,http://lighttree.com/Exclusive
F & M,SUPPLIER,F & M - Columbus,F & M Metals,,http://lighttree.com/F & M
Flexilux,SUPPLIER,Flexilux - Worcester,Flexilux Industries,,http://lighttree.com/Flexilux
Gaylor,SUPPLIER,Gaylor - Ocean Springs,Gaylor Design,,http://lighttree.com/Gaylor
Gemini,SUPPLIER,Gemini - Dallas,Gemini Design Technology,,http://lighttree.com/Gemini
Glickman,SUPPLIER,Glickman - Waterford,Glickman Lighting,,http://lighttree.com/Glickman
Groulsh,SUPPLIER,Groulsh - Charleston,Groulsh Industries,,http://lighttree.com/Groulsh
Hardy,SUPPLIER,Hardy - Salina,Hardy Industries,,http://lighttree.com/Hardy
Holloway,SUPPLIER,Holloway - Phoenix,Holloway Lighting Parts,,http://lighttree.com/Holloway
Howard,SUPPLIER,Howard - Vineyard Haven,Howard Plastics,,http://lighttree.com/Howard
Interalloy,SUPPLIER,Interalloy - Bozeman,Interalloy Corporation,,http://lighttree.com/Interalloy
J&R,SUPPLIER,J&R - Montgomery,J&R Plastics,,http://lighttree.com/J&R
Lex,SUPPLIER,Lex - Ocean Pines,Lex Filters,,http://lighttree.com/Lex
LightLens,SUPPLIER,LightLens - Ipswich ,LightLens Industries,,http://lighttree.com/LightLens
Litesource,SUPPLIER,Litesource - San Antonio,Litesource Chrystal,,http://lighttree.com/Litesource
Lorel,SUPPLIER,Lorel - Sioux Falls,Lorel Lamps Parts,,http://lighttree.com/Lorel
Luminar,SUPPLIER,Luminar - Palm Beach Gardens,Luminar Lines,,http://lighttree.com/Luminar
McGrey,SUPPLIER,McGrey - Mt Sterling,McGrey Electrical,,http://lighttree.com/McGrey
Mueller,SUPPLIER,Mueller - Pittsburgh,Mueller OEM,,http://lighttree.com/Mueller
Paltronix,SUPPLIER,Paltronix - Wilmington,Paltronix,,http://lighttree.com/Paltronix
Plastico,SUPPLIER,Plastico - Glen Allen,Plastico,,http://lighttree.com/Plastico
Plastilite,SUPPLIER,Plastilite - Scottsdale,Plastilite Corporation,,http://lighttree.com/Plastilite
Plexilux,SUPPLIER,Plexilux - Springfield,Plexilux,,http://lighttree.com/Plexilux
Press,SUPPLIER,Press - Albany,Press Lite Industries,,http://lighttree.com/Press
R&J,SUPPLIER,R&J - Vancouver,R&J Lamp Supply,,http://lighttree.com/R&J
R.G.D.,SUPPLIER,R.G.D. - Oxon Hill,R.G.D. Lighting Components,,http://lighttree.com/R.G.D.
Ripley,SUPPLIER,Ripley - Trenton,Ripley Controls,,http://lighttree.com/Ripley
RLP,SUPPLIER,RLP - Troy,RLP Lighting Components,,http://lighttree.com/RLP
Robinson,SUPPLIER,Robinson - Sacramento,Robinson Glass,,http://lighttree.com/Robinson
RSQ,SUPPLIER,RSQ - Narragansett,RSQ Lighting,,http://lighttree.com/RSQ
Rylo,SUPPLIER,Rylo - Spiro,Rylo Thermic Shields,,http://lighttree.com/Rylo
SA,SUPPLIER,SA - Loretto,SA Lighting,,http://lighttree.com/SA
Salco,SUPPLIER,Salco - Atlanta,Salco,,http://lighttree.com/Salco
SilverOptics,SUPPLIER,SilverOptics - Dover,SilverOptics,,http://lighttree.com/SilverOptics
Southwestern,SUPPLIER,Southwestern - Woodland,Southwestern Louver Company,,http://lighttree.com/Southwestern
Special,SUPPLIER,Special - Southlake,Special Effects Light Co,,http://lighttree.com/Special
Thermal,SUPPLIER,Thermal - Cincinnati,Thermal Surface Systems,,http://lighttree.com/Thermal
Total Source,SUPPLIER,Total Source - Waukesha,Total Source Extrusion Corporation,,http://lighttree.com/Total Source
Venice,SUPPLIER,Venice - Artesia,Venice Lamp and Shade,,http://lighttree.com/Venice
AFX,CARRIER,AFX - El Paso,Air Freight Express,,http://lighttree.com/AFX
Dunham,CARRIER,Dunham - Centralia,Dunham Lines,,http://lighttree.com/Dunham
NatEx,CARRIER,NatEx - Pawtucket,NatEx,,http://lighttree.com/NatEx
TransOceanic,CARRIER,TransOceanic - Slater,TransOceanic,,http://lighttree.com/TransOceanic
UXS,CARRIER,UXS - Madison,UXS,,http://lighttree.com/UXS
TranEx,CARRIER,TranEx - Kansas City,TranEx,,http://lighttree.com/TranEx
RPS,CARRIER,RPS - Philadelphia,RPS,,http://lighttree.com/RPS
